We,n,Pr,K,lambda,S,RENU_X(U),RENU_X(L),RENU_X(U)_Pred,RENU_X(L)_Pred
0.5,0.5,2,1,-2.6,2,1.826845087,-0.032893102,1.828272029,-0.033613168
0.51,0.5,2,1,-2.6,2,1.851687218,-0.090783755,1.851247235,-0.090780468
0.52,0.5,2,1,-2.6,2,1.874873798,-0.147865562,1.873462279,-0.147626973
0.53,0.5,2,1,-2.6,2,1.89659454,-0.204373869,1.894876472,-0.204184139
0.54,0.5,2,1,-2.6,2,1.91700763,-0.260523548,1.915454927,-0.260516288
0.55,0.5,2,1,-2.6,2,1.936246658,-0.316516889,1.935164212,-0.316718413
0.56,0.5,2,1,-2.6,2,1.954426662,-0.372552666,1.953970147,-0.372915526
0.57,0.5,2,1,-2.6,2,1.971646104,-0.42883072,1.971838408,-0.429264118
0.58,0.5,2,1,-2.6,2,1.98799084,-0.48555633,1.988738318,-0.485955862
0.59,0.5,2,1,-2.6,2,2.003535407,-0.542950274,2.004649866,-0.543223233
0.6,0.5,2,1,-2.6,2,2.018346404,-0.601251415,2.019573579,-0.601346101
0.61,0.5,2,1,-2.6,2,2.032481844,-0.660734417,2.033542382,-0.6606578
0.62,0.5,2,1,-2.6,2,2.045993964,-0.721709364,2.046633948,-0.72154855
0.63,0.5,2,1,-2.6,2,2.058928878,-0.784545544,2.058981363,-0.784463577
0.64,0.5,2,1,-2.6,2,2.071328425,-0.849686183,2.070779138,-0.84989287
0.65,0.5,2,1,-2.6,2,2.083229696,-0.917680777,2.082280901,-0.918349401
0.66,0.5,2,1,-2.6,2,2.094666512,-0.989226955,2.093784793,-0.990333028
0.67,0.5,2,1,-2.6,2,2.105669846,-1.065240498,2.105603137,-1.066278573
0.68,0.5,2,1,-2.6,2,2.116267018,-1.146955852,2.118015011,-1.146489047
0.7,0.5,2,1,-2.6,2,2.13634295,-1.335331232,2.145192859,-1.31979723
0.5,0.4,2,1,-2.6,2,2.143805332,-0.46496627,2.145049494,-0.46388012
0.5,0.41,2,1,-2.6,2,2.114576614,-0.420970004,2.11409222,-0.420984551
0.5,0.42,2,1,-2.6,2,2.084851136,-0.377504433,2.083802708,-0.377843365
0.5,0.43,2,1,-2.6,2,2.054622213,-0.334419008,2.053736328,-0.334668209
0.5,0.44,2,1,-2.6,2,2.023876399,-0.291578339,2.023537752,-0.291576648
0.5,0.45,2,1,-2.6,2,1.992594482,-0.248854892,1.992932837,-0.248611545
0.5,0.46,2,1,-2.6,2,1.960748784,-0.206131669,1.961716424,-0.20575697
0.5,0.47,2,1,-2.6,2,1.928303473,-0.163293166,1.92973852,-0.162949956
0.5,0.48,2,1,-2.6,2,1.895212468,-0.120221253,1.896890234,-0.120088086
0.5,0.49,2,1,-2.6,2,1.861417211,-0.076796412,1.863090209,-0.077033353
0.5,0.51,2,1,-2.6,2,1.791405363,0.011628615,1.792373058,0.010380301
0.5,0.52,2,1,-2.6,2,1.75498477,0.056924715,1.755325263,0.055190946
0.5,0.53,2,1,-2.6,2,1.717441354,0.103174661,1.717048738,0.101098043
0.5,0.54,2,1,-2.6,2,1.678594267,0.150591215,1.677448655,0.148412375
0.5,0.55,2,1,-2.6,2,1.638211027,0.199435867,1.636416318,0.197467793
0.5,0.56,2,1,-2.6,2,1.595985461,0.250039668,1.593834655,0.248607376
0.5,0.57,2,1,-2.6,2,1.551504079,0.30283822,1.549588005,0.302164284
0.5,0.58,2,1,-2.6,2,1.504186466,0.358428459,1.503575406,0.358438455
0.5,0.59,2,1,-2.6,2,1.453181158,0.417677981,1.455725966,0.417671303
0.5,0.6,2,1,-2.6,2,1.397145424,0.481940206,1.406014406,0.480021366
0.5,0.5,1,1,-2.6,2,0.885060346,0.078964809,0.885483317,0.078552981
0.5,0.5,1.2,1,-2.6,2,1.046015064,0.052260305,1.05731944,0.059731464
0.5,0.5,1.4,1,-2.6,2,1.220327104,0.026079565,1.229991975,0.033130271
0.5,0.5,1.6,1,-2.6,2,1.408695573,0.001959998,1.411835732,0.005300934
0.5,0.5,1.8,1,-2.6,2,1.611092378,-0.018367451,1.610126116,-0.018261655
0.5,0.5,1.9,1,-2.6,2,1.717362946,-0.026493351,1.716751298,-0.027137419
0.5,0.5,2.1,1,-2.6,2,1.93938003,-0.037263062,1.943952653,-0.037507125
0.5,0.5,2.3,1,-2.6,2,2.172889316,-0.038596623,2.182013545,-0.037495638
0.5,0.5,2.5,1,-2.6,2,2.41637176,-0.027637722,2.415150488,-0.028139274
0.5,0.5,2.7,1,-2.6,2,2.668284879,-0.001198,2.625564852,-0.011677536
0.5,0.5,2,1.1,-2.6,2,1.846499185,-0.032792331,1.847755136,-0.031148193
0.5,0.5,2,1.2,-2.6,2,1.865962653,-0.032555576,1.866725327,-0.03112336
0.5,0.5,2,1.3,-2.6,2,1.885022575,-0.032153952,1.885313199,-0.032618276
0.5,0.5,2,1.4,-2.6,2,1.903543183,-0.031558595,1.903157314,-0.033080571
0.5,0.5,2,1.5,-2.6,2,1.921444108,-0.03073766,1.920379663,-0.031565618
0.5,0.5,2,1.6,-2.6,2,1.938684535,-0.029663291,1.937593048,-0.029387348
0.5,0.5,2,1.7,-2.6,2,1.955249849,-0.028306608,1.955028587,-0.027922238
0.5,0.5,2,1.8,-2.6,2,1.971143232,-0.026638684,1.972092348,-0.026830089
0.5,0.5,2,1.9,-2.6,2,1.986378698,-0.024633506,1.987705152,-0.024721039
0.5,0.5,2,2,-2.6,2,2.000977601,-0.02226496,2.000899274,-0.021840616
0.5,0.5,2,1,-2.61,2,1.816610314,0.019813055,1.816213546,0.016461971
0.5,0.5,2,1,-2.62,2,1.806074718,0.071116026,1.804469743,0.066538695
0.5,0.5,2,1,-2.63,2,1.79521539,0.12118427,1.792951333,0.116489971
0.5,0.5,2,1,-2.64,2,1.78400571,0.170167685,1.781555282,0.166182562
0.5,0.5,2,1,-2.65,2,1.772415746,0.218205344,1.770165701,0.215481071
0.5,0.5,2,1,-2.66,2,1.76041148,0.265426657,1.758655011,0.264253815
0.5,0.5,2,1,-2.67,2,1.747953083,0.311954481,1.746885283,0.312380885
0.5,0.5,2,1,-2.68,2,1.734995179,0.357909579,1.734709703,0.359764725
0.5,0.5,2,1,-2.69,2,1.721484066,0.403414139,1.721974073,0.406343416
0.5,0.5,2,1,-2.7,2,1.707355952,0.448590666,1.70851829,0.452106647
0.5,0.5,2,1,-2.71,2,1.692535028,0.493568677,1.69417778,0.497113883
0.5,0.5,2,1,-2.72,2,1.676928836,0.538489356,1.678784979,0.541513574
0.5,0.5,2,1,-2.73,2,1.660423512,0.583511321,1.662171027,0.585561284
0.5,0.5,2,1,-2.74,2,1.64287562,0.628817603,1.644168049,0.629633296
0.5,0.5,2,1,-2.75,2,1.624101438,0.674629605,1.624612548,0.674230795
0.5,0.5,2,1,-2.76,2,1.603858291,0.721224048,1.603350611,0.719968425
0.5,0.5,2,1,-2.77,2,1.581814022,0.768962811,1.580245667,0.767540388
0.5,0.5,2,1,-2.78,2,1.557495908,0.818347779,1.555189358,0.817658493
0.5,0.5,2,1,-2.79,2,1.530188585,0.87012123,1.528115564,0.870960487
0.5,0.5,2,1,-2.8,2,1.498714807,0.925483656,1.499016593,0.927894621
0.5,0.5,2,1,-2.6,1.92,1.485748001,0.530112017,1.489655807,0.523808349
0.5,0.5,2,1,-2.6,1.93,1.541661261,0.45173684,1.540838587,0.452815155
0.5,0.5,2,1,-2.6,1.94,1.59168005,0.377993946,1.589146717,0.381818024
0.5,0.5,2,1,-2.6,1.95,1.637382716,0.307203562,1.634749253,0.311181664
0.5,0.5,2,1,-2.6,1.96,1.679758361,0.238259019,1.677818608,0.241131828
0.5,0.5,2,1,-2.6,1.97,1.719475144,0.170361447,1.718529355,0.171753488
0.5,0.5,2,1,-2.6,1.98,1.757007597,0.102880409,1.757057412,0.102990771
0.5,0.5,2,1,-2.6,1.99,1.792707918,0.035289012,1.793579391,0.034647425
0.5,0.5,2,1,-2.6,2.01,1.859629994,-0.10212438,1.861311678,-0.102269025
0.5,0.5,2,1,-2.6,2.02,1.891231738,-0.172871661,1.892873872,-0.1719418
0.5,0.5,2,1,-2.6,2.03,1.921788145,-0.24564006,1.923132985,-0.243399798
0.5,0.5,2,1,-2.6,2.04,1.951412846,-0.320995627,1.95226193,-0.317560625
0.5,0.5,2,1,-2.6,2.05,1.980201586,-0.399606993,1.980431862,-0.395491435
0.5,0.5,2,1,-2.6,2.06,2.00823465,-0.482298054,2.0078117,-0.478403635
0.5,0.5,2,1,-2.6,2.07,2.035581927,-0.570122202,2.034567299,-0.567637701
0.5,0.5,2,1,-2.6,2.08,2.062302723,-0.664486609,2.060859951,-0.664632519
0.5,0.5,2,1,-2.6,2.09,2.088449163,-0.767366968,2.086843909,-0.770872825
0.5,0.5,2,1,-2.6,2.1,2.114066618,-0.881677562,2.112662583,-0.887808366
0.5,0.5,2,1,-2.6,2.11,2.13919547,-1.012040017,2.138443162,-1.016740173
0.5,0.5,2,1,-2.6,2.12,2.163871074,-1.166493658,2.16428965,-1.158673773
